Search Year|Make Model|Group|Part,Expected
2024|Search Year|Part Group|Make Model,Verify no errors in search
2023|Unknown Model|Part Group|Alfa Tonale,Verify no errors in search
2023|Unknown Model|Part Group|Alfa Tonale,Verify no errors in search
2023|Unknown Model|Part Group|Alfa Tonale,Verify no errors in search
2023|Unknown Model|Part Group|Alfa Tonale,Verify no errors in search
2023|Unknown Model|Part Group|Alfa Tonale,Verify no errors in search
2023|Unknown Model|Part Group|Alfa Tonale,Verify no errors in search
2023|Unknown Model|Part Group|Alfa Tonale,Verify no errors in search
2023|Unknown Model|Part Group|Alfa Tonale,Verify no errors in search
2023|Unknown Model|Part Group|Alfa Tonale,Verify no errors in search
2023|Unknown Model|Part Group|Alfa Tonale,Verify no errors in search
